<?xml version="1.0" encoding="UTF-8"?>
<!DOCTYPE hibernate-configuration PUBLIC
        "-//Hibernate/Hibernate Configuration DTD//EN"
        "http://www.hibernate.org/dtd/hibernate-configuration-3.0.dtd">
<hibernate-configuration>
    <session-factory>
        <property name="hibernate.connection.driver_class">com.mysql.cj.jdbc.Driver</property>
        <property name="hibernate.connection.url">jdbc:mysql://localhost:3306/kdk10_lab2?serverTimezone=UTC</property>
        <property name="hibernate.connection.username">root</property>
        <property name="hibernate.connection.password">root</property>
        
        <property name="hibernate.connection.autocommit">true</property>
        <property name="show_sql">false</property>
        <property name="dialect">org.hibernate.dialect.MySQLDialect</property>
	<property name="hibernate.current_session_context_class">thread</property>
	<property name="hibernate.connection.pool_size">1</property>
        <property name="hibernate.hbm2ddl.auto">update</property>
        <!-- Mapping files -->
        <mapping resource="TV.hbm.xml"/>
        <mapping resource="TVSpecifications.hbm.xml"/>
    </session-factory>
</hibernate-configuration>
